id,title,kind,official_url,local_file,raw_sha256,snapshot_at,lines
kfcpa,금융소비자 보호에 관한 법률 [시행 2026. 1. 2.],html,https://www.law.go.kr/LSW/lsInfoR.do?lsiSeq=277247&chrClsCd=010202&urlMode=lsInfoP&efYd=20260102&ancYnChk=0,,112ee19bcb4e4bc8d5f87a4d4b451c5d0017a5c9cfd83eab1c5efdba8243e323,2026-09-26 15:38 KST,788
kfcpa_decree,금융소비자 보호에 관한 법률 시행령 [시행 2026. 4. 28.],html,https://www.law.go.kr/LSW/lsInfoR.do?lsiSeq=285715&chrClsCd=010202&urlMode=lsInfoP&efYd=20260428&ancYnChk=0,,f04b41b4e82ca51e03626aab39ddb86b8324e4bae9b306ff774f2ddc4d8030e7,2026-09-26 15:38 KST,969
fsc_rule,금융소비자 보호에 관한 감독규정 [시행 2026. 4. 2.],html,https://www.law.go.kr/LSW/admRulInfoR.do?admRulSeq=2100000276850&chrClsCd=010201,,7f8b731a662677f99eb99175b7aa593c97c2e2d52c3d24feddc9ead093698f8a,2026-09-26 15:38 KST,718
fsc_rule_app5,금융소비자 보호에 관한 감독규정 [별표 5] (현행 첨부 PDF),pdf_url,https://www.law.go.kr/LSW/flDownload.do?flSeq=163377581,,a0f593090991d5a7d873056b9a85c678f34f5a314b5df14ec4891428b98e6e36,2026-09-26 15:38 KST,44
yeojeon,여신전문금융업법 [시행 2025. 10. 1.],html,https://www.law.go.kr/LSW/lsInfoR.do?lsiSeq=277267&chrClsCd=010202&urlMode=lsInfoP&efYd=20251001&ancYnChk=0,,18b329e7993c6deadabf4cdd57a94df6b90e7e2457bbec8eca216690bd2286b4,2026-09-26 15:38 KST,1193
yeojeon_decree,여신전문금융업법 시행령 [시행 2026. 5. 6.],html,https://www.law.go.kr/LSW/lsInfoR.do?lsiSeq=285799&chrClsCd=010202&urlMode=lsInfoP&efYd=20260506&ancYnChk=0,,24ffb004ff2c140681aa9e28421949308ed9d48e15c16c0fa9e53c3829ac9ea7,2026-09-26 15:38 KST,1186
crefia_reg,여신전문금융회사 등의 광고에 관한 규정 (2022.05.02. 개정),hwp_local,https://m.crefia.or.kr/mobile/infocenter/regulation/selfRegulation.xx,원본파일/여신전문금융회사_등의_광고에_관한_규정(게시용)_FN.hwp,5099e81b57c1067c632fef3d8176ba009fea7538bd236a25625a886b595de5ef,2026-09-26 15:38 KST,194
crefia_guide,여신전문금융회사 등의 광고에 관한 규정 세부지침 (2022.05.02. 개정),hwp_local,https://m.crefia.or.kr/mobile/infocenter/regulation/selfRegulation.xx,원본파일/여신전문금융회사_등의_광고에_관한_규정_세부지침(게시용).hwp,17594161deeacd42c184fcdfd11088c4e13da70f119645bd62524eaf547b8d91,2026-09-26 15:38 KST,1340
fsc_ad_guideline,금융위원회·금융감독원 금융광고규제 가이드라인 (2021. 6. 8.),hwp_local,https://www.fsc.go.kr/no010101/76045,원본파일/금융위원회_금융광고규제_가이드라인.hwp,1ed2312eda98dc8f305e3bdf15defcbd44740c48240aa33653fdc2f117f46c99,2026-09-26 15:38 KST,548
fsc_online_explain,금융위원회 온라인 설명의무 가이드라인,pdf_local,https://www.fsc.go.kr/no010101/78276,원본파일/금융위원회_온라인_설명의무_가이드라인.pdf,d95ac11730487b80f8d3caa59286d9286ef8279c58ee30e5b99b0f1aa1368165,2026-09-26 15:38 KST,298
fsc_explain,금융위원회 금융상품 설명의무의 합리적 이행을 위한 가이드라인,pdf_local,https://www.fsc.go.kr/po0201101/76243,원본파일/금융위원회_금융상품_설명의무_가이드라인.pdf,db5f006d2ab1faeaa556539f8bd7adbe5c5931871beb7985c1dedbf2c93c4793,2026-09-26 15:38 KST,680
ai_act,인공지능 발전과 신뢰 기반 조성 등에 관한 기본법 [시행 2026. 1. 22.],html,https://www.law.go.kr/LSW/lsInfoR.do?lsiSeq=282791&chrClsCd=010202&urlMode=lsInfoP&efYd=20260122&ancYnChk=0,,74bb7aec990267aa9d84cba5bc59732982954220e48b97b1d54cf53bb98c892f,2026-09-26 17:13 KST,398
ai_act_decree,인공지능 발전과 신뢰 기반 조성 등에 관한 기본법 시행령 [시행 2026. 8. 20.],html,https://www.law.go.kr/LSW/lsInfoR.do?lsiSeq=288781&chrClsCd=010202&urlMode=lsInfoP&efYd=20260820&ancYnChk=0,,e4f6e7627e4e186be76c0a6bec0691c60f7f3ccf8d39d456da5e98b3956ca9c1,2026-09-26 17:13 KST,441
fsc_ai_guideline,금융위원회 금융분야 인공지능 가이드라인 (2026. 6. 18. 발표),pdf_local_raw,https://www.fsc.go.kr/no010101/87142,원본파일/금융위원회_금융분야_인공지능_가이드라인_2026.pdf,c8879912a12d491356dbe482d0ff48eecee8fd47093cf0e7f284b14c2329c2f5,2026-09-26 17:13 KST,4547
nikl_public_lang,"국립국어원 한눈에 알아보는 공공언어 바로 쓰기(개정판, 2022)",pdf_local,https://www.korean.go.kr/front/etcData/etcDataView.do?mn_id=&etc_seq=699&pageIndex=1,원본파일/국립국어원_한눈에_알아보는_공공언어_바로_쓰기_개정판.pdf,d7df841aa63dc9bfda88804549a9060b2f256843cdbffc545aecb986925a80ac,2026-09-26 17:13 KST,4265
yeojeon_rule,여신전문금융업감독규정 [시행 2026. 5. 6.],html,https://www.law.go.kr/LSW/admRulInfoR.do?admRulSeq=2100000279156&chrClsCd=010201,,8a51020498baa3ee830d40df43549aa43f4049eb215d2ebe50341092dc41e08d,2026-09-26 22:08 KST,863
yeojeon_decree_app13,여신전문금융업법 시행령 [별표 1의3] (현행 첨부 PDF),pdf_url,https://www.law.go.kr/LSW/flDownload.do?flSeq=163876115&bylClsCd=110201,,4000973c9fd73a47a6d8b19a40ffe0d29dcae1de8df7c9ce2464cc0bd3c32ac1,2026-09-26 22:08 KST,32
